source,author,title,description,url,publishedAt,content
MarketingProfs.com,Ed Valdez,"Jamie Dimon on AI: What He Gets Right, and What He Leaves Out","Explore JPMorgan Chase CEO Jamie Dimon's views on AI, with highlights of what he gets right and key aspects he overlooks. Read now! Read the full article at MarketingProfs",https://www.marketingprofs.com/articles/2024/52388/ai-what-jamie-dimon-gets-right-and-leaves-out,2024-11-21T15:00:00Z,JPMorgan Chase CEO Jamie Dimon has had much to say on the subject of artificial intelligence (AI). And every time the banking titan makes a public statement or sits down for an interview—as he did wi… [+5299 chars]
Quartz India,Rocio Fabbro,The Dow drops 200 points as Putin rattles Russia's nuclear saber,"Dow futures plunged more than 200 points Tuesday morning after Russian President Vladimir Putin lowered the bar for the use of nuclear weapons, just days after President Joe Biden signed off on the use of American-made long-rage missiles by Ukraine.Read more.…",https://qz.com/djia-sp-500-nasdaq-markets-putin-nuclear-russia-biden-1851702586,2024-11-19T13:18:32Z,"In This Story
Dow futures plunged more than 200 points Tuesday morning after Russian President Vladimir Putin lowered the bar for the use of nuclear weapons, just days after President Joe Biden sign… [+1988 chars]"
Yahoo Entertainment,,Bank of America Stock vs. JPMorgan Chase Stock: Wall Street Sees Limited Upside in One But Rates the Other a Strong Buy,,https://consent.yahoo.com/v2/collectConsent?sessionId=1_cc-session_cb45a927-de18-4d46-8b67-5e8933d8d515,2024-11-16T08:48:00Z,"If you click 'Accept all', we and our partners, including 237 who are part of the IAB Transparency &amp; Consent Framework, will also store and/or access information on a device (in other words, use … [+678 chars]"
Forbes,"Gerry Gebel, Forbes Councils Member, 
 Gerry Gebel, Forbes Councils Member
 https://www.forbes.com/councils/forbestechcouncil/people/gerrygebel/",How To Address Cloud Identity Governance Blind Spots,"Working directly with organizations that are navigating the complexities of multicloud environments, one thing has become clear.",https://www.forbes.com/councils/forbestechcouncil/2024/11/21/how-to-address-cloud-identity-governance-blind-spots/,2024-11-21T12:30:00Z,"Gerry Gebel, Strata Identity Head of Standards, former Burton Group analyst and tech executive at Chase Manhattan Bank (now JPMorgan Chase).
getty
Working directly with organizations that are navig… [+6204 chars]"
Yahoo Entertainment,Sunil Jagtiani,Bitcoin Rebounds From Token’s Largest Retreat Since US Election,(Bloomberg) -- Bitcoin recovered from its biggest two-day retreat since the US election in choppy trading that reflects shifting assessments of the impact of...,https://finance.yahoo.com/news/bitcoin-churns-near-90-000-010941076.html,2024-11-18T07:38:41Z,(Bloomberg) -- Bitcoin recovered from its biggest two-day retreat since the US election in choppy trading that reflects shifting assessments of the impact of President-elect Donald Trumps policy agen… [+2393 chars]
Patently Apple,Jack Purcher,Sensor Tower reveals that Apple’s App Store Performance in October was Impressive to kick-off Calendar Q4,"October data shared by Sensor Tower by JPMorgan Chase showed that Apple's App Store revenue increased by 15% year-on-year, downloads increased by 7.5% year-on-year, and the average selling price of apps increased by 7.3% year-on-year. According to agency data…",https://www.patentlyapple.com/2024/11/sensor-tower-reveals-that-apples-app-store-performance-in-october-was-impressive-to-kick-off-calendar-q4.html,2024-11-20T11:17:27Z,"October data shared by Sensor Tower by JPMorgan Chase showed that Apple's App Store revenue increased by 15% year-on-year, downloads increased by 7.5% year-on-year, and the average selling price of a… [+612 chars]"
Forbes,"Brett Owens, Contributor, 
 Brett Owens, Contributor
 https://www.forbes.com/sites/brettowens/",Bond Funds Up To 11% That Are Actually Winning Right Now,I’m cautious on bonds. The 10-year Treasury yield has been on a tear since Jay Powell first cut the Fed Funds Rate.,https://www.forbes.com/sites/brettowens/2024/11/17/bond-funds-up-to-11-that-are-actually-winning-right-now/,2024-11-17T12:30:00Z,"The word bonds on wooden cubes with office desktop. Business finance stock exchange concept.
getty
Fifteen months ago, we contrarians started the bond bandwagon. Its hard to believe now, but back t… [+6628 chars]"
ETF Daily News,MarketBeat News,"Sumitomo Mitsui Trust Group Inc. Acquires 261,363 Shares of JPMorgan Chase & Co. (NYSE:JPM)","Sumitomo Mitsui Trust Group Inc. grew its holdings in JPMorgan Chase & Co. (NYSE:JPM) by 3.9% during the 3rd quarter, HoldingsChannel.com reports. The firm owned 7,017,646 shares of the financial services provider’s stock after buying an additional 261,363 sh…",https://www.etfdailynews.com/2024/11/17/sumitomo-mitsui-trust-group-inc-acquires-261363-shares-of-jpmorgan-chase-co-nysejpm/,2024-11-17T10:16:56Z,"Sumitomo Mitsui Trust Group Inc. grew its holdings in JPMorgan Chase &amp; Co. (NYSE:JPM) by 3.9% during the 3rd quarter, HoldingsChannel.com reports. The firm owned 7,017,646 shares of the financial… [+6128 chars]"
ETF Daily News,MarketBeat News,Simmons Bank Has $13.73 Million Stock Holdings in JPMorgan Chase & Co. (NYSE:JPM),"Simmons Bank trimmed its position in JPMorgan Chase & Co. (NYSE:JPM) by 0.3% in the third quarter, according to the company in its most recent Form 13F filing with the Securities & Exchange Commission. The firm owned 65,116 shares of the financial services pr…",https://www.etfdailynews.com/2024/11/18/simmons-bank-has-13-73-million-stock-holdings-in-jpmorgan-chase-co-nysejpm/,2024-11-18T10:43:15Z,"Simmons Bank trimmed its position in JPMorgan Chase &amp; Co. (NYSE:JPM) by 0.3% in the third quarter, according to the company in its most recent Form 13F filing with the Securities &amp; Exchange C… [+5969 chars]"
ETF Daily News,MarketBeat News,ING Groep NV Has $15.03 Million Holdings in JPMorgan Chase & Co. (NYSE:JPM),"ING Groep NV lowered its stake in shares of JPMorgan Chase & Co. (NYSE:JPM) by 74.1% during the third quarter, HoldingsChannel reports. The fund owned 71,273 shares of the financial services provider’s stock after selling 203,982 shares during the quarter. IN…",https://www.etfdailynews.com/2024/11/19/ing-groep-nv-has-15-03-million-holdings-in-jpmorgan-chase-co-nysejpm/,2024-11-19T09:23:07Z,"ING Groep NV lowered its stake in shares of JPMorgan Chase &amp; Co. (NYSE:JPM) by 74.1% during the third quarter, HoldingsChannel reports. The fund owned 71,273 shares of the financial services prov… [+6082 chars]"
ETF Daily News,MarketBeat News,GoalVest Advisory LLC Raises Stake in JPMorgan Chase & Co. (NYSE:JPM),"GoalVest Advisory LLC raised its position in JPMorgan Chase & Co. (NYSE:JPM) by 4.1% in the 3rd quarter, Holdings Channel reports. The firm owned 14,207 shares of the financial services provider’s stock after buying an additional 554 shares during the quarter…",https://www.etfdailynews.com/2024/11/21/goalvest-advisory-llc-raises-stake-in-jpmorgan-chase-co-nysejpm/,2024-11-21T10:08:46Z,"GoalVest Advisory LLC raised its position in JPMorgan Chase &amp; Co. (NYSE:JPM) by 4.1% in the 3rd quarter, Holdings Channel reports. The firm owned 14,207 shares of the financial services provider’… [+5817 chars]"
ETF Daily News,MarketBeat News,Huntington National Bank Has $376.18 Million Stake in JPMorgan Chase & Co. (NYSE:JPM),"Huntington National Bank trimmed its position in shares of JPMorgan Chase & Co. (NYSE:JPM) by 0.7% during the 3rd quarter, according to its most recent Form 13F filing with the Securities & Exchange Commission. The firm owned 1,784,005 shares of the financial…",https://www.etfdailynews.com/2024/11/19/huntington-national-bank-has-376-18-million-stake-in-jpmorgan-chase-co-nysejpm/,2024-11-19T11:42:51Z,"Huntington National Bank trimmed its position in shares of JPMorgan Chase &amp; Co. (NYSE:JPM) by 0.7% during the 3rd quarter, according to its most recent Form 13F filing with the Securities &amp; E… [+5473 chars]"
ETF Daily News,MarketBeat News,"Regal Partners Ltd Sells 29,939 Shares of JPMorgan Chase & Co. (NYSE:JPM)","Regal Partners Ltd decreased its position in JPMorgan Chase & Co. (NYSE:JPM) by 20.8% in the 3rd quarter, according to the company in its most recent 13F filing with the SEC. The fund owned 113,796 shares of the financial services provider’s stock after selli…",https://www.etfdailynews.com/2024/11/18/regal-partners-ltd-sells-29939-shares-of-jpmorgan-chase-co-nysejpm/,2024-11-18T10:43:26Z,"Regal Partners Ltd decreased its position in JPMorgan Chase &amp; Co. (NYSE:JPM) by 20.8% in the 3rd quarter, according to the company in its most recent 13F filing with the SEC. The fund owned 113,7… [+6134 chars]"
Biztoc.com,247wallst.com,Jamie Dimon’s Brilliant Advice for Anyone Nearing Retirement,"24/7 Wall St. Insights
Jamie Dimon, CEO of JPMorgan Chase, uses his experience to help others succeed in their careers.
Many individuals in their 60s can apply Dimon’s wisdom as they near retirement.
Jamie Dimon is the CEO of JPMorgan Chase and a great busine…",https://biztoc.com/x/69175e2d41835de1,2024-11-18T02:09:02Z,"24/7 Wall St. InsightsJamie Dimon, CEO of JPMorgan Chase, uses his experience to help others succeed in their careers.Many individuals in their 60s can apply Dimons wisdom as they near retirement.Jam… [+140 chars]"
ETF Daily News,MarketBeat News,Jaffetilchin Investment Partners LLC Has $9.05 Million Stock Holdings in JPMorgan Chase & Co. (NYSE:JPM),"Jaffetilchin Investment Partners LLC increased its position in shares of JPMorgan Chase & Co. (NYSE:JPM) by 3.9% during the third quarter, Holdings Channel reports. The institutional investor owned 42,900 shares of the financial services provider’s stock afte…",https://www.etfdailynews.com/2024/11/16/jaffetilchin-investment-partners-llc-has-9-05-million-stock-holdings-in-jpmorgan-chase-co-nysejpm/,2024-11-16T10:53:21Z,"Jaffetilchin Investment Partners LLC increased its position in shares of JPMorgan Chase &amp; Co. (NYSE:JPM) by 3.9% during the third quarter, Holdings Channel reports. The institutional investor own… [+6062 chars]"
ETF Daily News,MarketBeat News,Dearborn Partners LLC Has $23.24 Million Stock Holdings in JPMorgan Chase & Co. (NYSE:JPM),"Dearborn Partners LLC trimmed its holdings in shares of JPMorgan Chase & Co. (NYSE:JPM) by 0.2% during the 3rd quarter, Holdings Channel reports. The institutional investor owned 110,223 shares of the financial services provider’s stock after selling 245 shar…",https://www.etfdailynews.com/2024/11/20/dearborn-partners-llc-has-23-24-million-stock-holdings-in-jpmorgan-chase-co-nysejpm/,2024-11-20T11:44:51Z,"Dearborn Partners LLC trimmed its holdings in shares of JPMorgan Chase &amp; Co. (NYSE:JPM) by 0.2% during the 3rd quarter, Holdings Channel reports. The institutional investor owned 110,223 shares o… [+5887 chars]"
ETF Daily News,MarketBeat News,Sather Financial Group Inc Has $2.05 Million Stake in JPMorgan Chase & Co. (NYSE:JPM),"Sather Financial Group Inc boosted its holdings in JPMorgan Chase & Co. (NYSE:JPM) by 17.3% during the 3rd quarter, HoldingsChannel reports. The institutional investor owned 9,709 shares of the financial services provider’s stock after acquiring an additional…",https://www.etfdailynews.com/2024/11/21/sather-financial-group-inc-has-2-05-million-stake-in-jpmorgan-chase-co-nysejpm/,2024-11-21T08:58:54Z,"Sather Financial Group Inc boosted its holdings in JPMorgan Chase &amp; Co. (NYSE:JPM) by 17.3% during the 3rd quarter, HoldingsChannel reports. The institutional investor owned 9,709 shares of the f… [+5973 chars]"
ETF Daily News,MarketBeat News,Access Investment Management LLC Has $10.54 Million Stake in JPMorgan Chase & Co. (NYSE:JPM),"Access Investment Management LLC lowered its stake in JPMorgan Chase & Co. (NYSE:JPM – Free Report) by 16.7% during the 3rd quarter, according to its most recent disclosure with the Securities and Exchange Commission. The fund owned 50,000 shares of the finan…",https://www.etfdailynews.com/2024/11/16/access-investment-management-llc-has-10-54-million-stake-in-jpmorgan-chase-co-nysejpm/,2024-11-16T10:53:22Z,"Access Investment Management LLC lowered its stake in JPMorgan Chase &amp; Co. (NYSE:JPM – Free Report) by 16.7% during the 3rd quarter, according to its most recent disclosure with the Securities an… [+5881 chars]"
ETF Daily News,MarketBeat News,tru Independence LLC Has $6.51 Million Stake in JPMorgan Chase & Co. (NYSE:JPM),"tru Independence LLC reduced its holdings in JPMorgan Chase & Co. (NYSE:JPM) by 17.6% during the 3rd quarter, HoldingsChannel reports. The firm owned 30,854 shares of the financial services provider’s stock after selling 6,599 shares during the quarter. JPMor…",https://www.etfdailynews.com/2024/11/16/tru-independence-llc-has-6-51-million-stake-in-jpmorgan-chase-co-nysejpm/,2024-11-16T10:53:20Z,"tru Independence LLC reduced its holdings in JPMorgan Chase &amp; Co. (NYSE:JPM) by 17.6% during the 3rd quarter, HoldingsChannel reports. The firm owned 30,854 shares of the financial services provi… [+6183 chars]"
ETF Daily News,MarketBeat News,JPMorgan Chase & Co. (NYSE:JPM) Shares Purchased by Opinicus Capital Inc.,"Opinicus Capital Inc. boosted its position in JPMorgan Chase & Co. (NYSE:JPM) by 0.4% in the 3rd quarter, according to its most recent filing with the Securities and Exchange Commission. The fund owned 19,477 shares of the financial services provider’s stock …",https://www.etfdailynews.com/2024/11/16/jpmorgan-chase-co-nysejpm-shares-purchased-by-opinicus-capital-inc/,2024-11-16T11:44:55Z,"Opinicus Capital Inc. boosted its position in JPMorgan Chase &amp; Co. (NYSE:JPM) by 0.4% in the 3rd quarter, according to its most recent filing with the Securities and Exchange Commission. The fund… [+6229 chars]"
ETF Daily News,MarketBeat News,Addison Advisors LLC Sells 231 Shares of JPMorgan Chase & Co. (NYSE:JPM),"Addison Advisors LLC trimmed its stake in shares of JPMorgan Chase & Co. (NYSE:JPM) by 2.5% in the third quarter, HoldingsChannel reports. The firm owned 8,933 shares of the financial services provider’s stock after selling 231 shares during the quarter. Addi…",https://www.etfdailynews.com/2024/11/16/addison-advisors-llc-sells-231-shares-of-jpmorgan-chase-co-nysejpm/,2024-11-16T10:00:59Z,"Addison Advisors LLC trimmed its stake in shares of JPMorgan Chase &amp; Co. (NYSE:JPM) by 2.5% in the third quarter, HoldingsChannel reports. The firm owned 8,933 shares of the financial services pr… [+5999 chars]"
ETF Daily News,MarketBeat News,JPMorgan Chase & Co. Issues Pessimistic Forecast for Medtronic (NYSE:MDT) Stock Price,Medtronic (NYSE:MDT – Free Report) had its target price lowered by JPMorgan Chase & Co. from $99.00 to $96.00 in a report released on Friday morning. JPMorgan Chase & Co. currently has a neutral rating on the medical technology company’s stock. A number of ot…,https://www.etfdailynews.com/2024/11/18/jpmorgan-chase-co-issues-pessimistic-forecast-for-medtronic-nysemdt-stock-price/,2024-11-18T08:38:51Z,Medtronic (NYSE:MDT – Free Report) had its target price lowered by JPMorgan Chase &amp; Co. from $99.00 to $96.00 in a report released on Friday morning. JPMorgan Chase &amp; Co. currently has a neut… [+4623 chars]
ETF Daily News,MarketBeat News,Rossmore Private Capital Purchases 319 Shares of JPMorgan Chase & Co. (NYSE:JPM),"Rossmore Private Capital increased its holdings in shares of JPMorgan Chase & Co. (NYSE:JPM) by 0.3% in the third quarter, Holdings Channel reports. The firm owned 93,284 shares of the financial services provider’s stock after acquiring an additional 319 shar…",https://www.etfdailynews.com/2024/11/18/rossmore-private-capital-purchases-319-shares-of-jpmorgan-chase-co-nysejpm/,2024-11-18T10:43:17Z,"Rossmore Private Capital increased its holdings in shares of JPMorgan Chase &amp; Co. (NYSE:JPM) by 0.3% in the third quarter, Holdings Channel reports. The firm owned 93,284 shares of the financial … [+5655 chars]"
ETF Daily News,MarketBeat News,"Bretton Capital Management LLC Acquires Shares of 24,000 JPMorgan Chase & Co. (NYSE:JPM)","Bretton Capital Management LLC bought a new position in shares of JPMorgan Chase & Co. (NYSE:JPM) during the third quarter, Holdings Channel.com reports. The firm bought 24,000 shares of the financial services provider’s stock, valued at approximately $5,061,…",https://www.etfdailynews.com/2024/11/19/bretton-capital-management-llc-acquires-shares-of-24000-jpmorgan-chase-co-nysejpm/,2024-11-19T11:42:53Z,"Bretton Capital Management LLC bought a new position in shares of JPMorgan Chase &amp; Co. (NYSE:JPM) during the third quarter, Holdings Channel.com reports. The firm bought 24,000 shares of the fina… [+5936 chars]"
ETF Daily News,MarketBeat News,"Ferguson Wellman Capital Management Inc. Sells 4,402 Shares of JPMorgan Chase & Co. (NYSE:JPM)","Ferguson Wellman Capital Management Inc. lowered its stake in JPMorgan Chase & Co. (NYSE:JPM) by 0.6% during the third quarter, according to its most recent Form 13F filing with the SEC. The firm owned 767,664 shares of the financial services provider’s stock…",https://www.etfdailynews.com/2024/11/19/ferguson-wellman-capital-management-inc-sells-4402-shares-of-jpmorgan-chase-co-nysejpm/,2024-11-19T10:02:59Z,"Ferguson Wellman Capital Management Inc. lowered its stake in JPMorgan Chase &amp; Co. (NYSE:JPM) by 0.6% during the third quarter, according to its most recent Form 13F filing with the SEC. The firm… [+6219 chars]"
ETF Daily News,MarketBeat News,Intrepid Financial Planning Group LLC Sells 131 Shares of JPMorgan Chase & Co. (NYSE:JPM),"Intrepid Financial Planning Group LLC lessened its holdings in shares of JPMorgan Chase & Co. (NYSE:JPM) by 0.6% during the 3rd quarter, according to its most recent disclosure with the SEC. The fund owned 22,170 shares of the financial services provider’s st…",https://www.etfdailynews.com/2024/11/17/intrepid-financial-planning-group-llc-sells-131-shares-of-jpmorgan-chase-co-nysejpm/,2024-11-17T10:59:00Z,"Intrepid Financial Planning Group LLC lessened its holdings in shares of JPMorgan Chase &amp; Co. (NYSE:JPM) by 0.6% during the 3rd quarter, according to its most recent disclosure with the SEC. The … [+6215 chars]"
ETF Daily News,MarketBeat News,Miramar Capital LLC Sells 463 Shares of JPMorgan Chase & Co. (NYSE:JPM),"Miramar Capital LLC decreased its holdings in JPMorgan Chase & Co. (NYSE:JPM) by 0.9% in the third quarter, according to its most recent disclosure with the Securities & Exchange Commission. The institutional investor owned 52,074 shares of the financial serv…",https://www.etfdailynews.com/2024/11/20/miramar-capital-llc-sells-463-shares-of-jpmorgan-chase-co-nysejpm/,2024-11-20T11:44:51Z,"Miramar Capital LLC decreased its holdings in JPMorgan Chase &amp; Co. (NYSE:JPM) by 0.9% in the third quarter, according to its most recent disclosure with the Securities &amp; Exchange Commission. … [+6170 chars]"
ETF Daily News,MarketBeat News,JPMorgan Chase & Co. (NYSE:JPM) Shares Sold by KCM Investment Advisors LLC,"KCM Investment Advisors LLC trimmed its stake in JPMorgan Chase & Co. (NYSE:JPM) by 0.1% in the third quarter, HoldingsChannel.com reports. The fund owned 176,033 shares of the financial services provider’s stock after selling 248 shares during the quarter. J…",https://www.etfdailynews.com/2024/11/20/jpmorgan-chase-co-nysejpm-shares-sold-by-kcm-investment-advisors-llc/,2024-11-20T11:44:52Z,"KCM Investment Advisors LLC trimmed its stake in JPMorgan Chase &amp; Co. (NYSE:JPM) by 0.1% in the third quarter, HoldingsChannel.com reports. The fund owned 176,033 shares of the financial services… [+5473 chars]"
ETF Daily News,MarketBeat News,JPMorgan Chase & Co. (NYSE:JPM) Shares Bought by Intellectus Partners LLC,"Intellectus Partners LLC grew its position in JPMorgan Chase & Co. (NYSE:JPM) by 2.6% in the third quarter, HoldingsChannel reports. The institutional investor owned 19,767 shares of the financial services provider’s stock after acquiring an additional 500 sh…",https://www.etfdailynews.com/2024/11/20/jpmorgan-chase-co-nysejpm-shares-bought-by-intellectus-partners-llc/,2024-11-20T09:02:55Z,"Intellectus Partners LLC grew its position in JPMorgan Chase &amp; Co. (NYSE:JPM) by 2.6% in the third quarter, HoldingsChannel reports. The institutional investor owned 19,767 shares of the financia… [+5931 chars]"
ETF Daily News,MarketBeat News,JPMorgan Chase & Co. Forecasts Strong Price Appreciation for Vertiv (NYSE:VRT) Stock,"Vertiv (NYSE:VRT – Get Free Report) had its target price upped by research analysts at JPMorgan Chase & Co. from $124.00 to $132.00 in a research note issued to investors on Tuesday,Benzinga reports. The brokerage currently has an “overweight” rating on the s…",https://www.etfdailynews.com/2024/11/21/jpmorgan-chase-co-forecasts-strong-price-appreciation-for-vertiv-nysevrt-stock/,2024-11-21T10:02:53Z,"Vertiv (NYSE:VRT – Get Free Report) had its target price upped by research analysts at JPMorgan Chase &amp; Co. from $124.00 to $132.00 in a research note issued to investors on Tuesday,Benzinga repo… [+4934 chars]"
Forbes,"Sughnen Yongo, Contributor, 
 Sughnen Yongo, Contributor
 https://www.forbes.com/sites/sughnenyongo/",How Black Women Veterans Are Redefining Entrepreneurship,Her journey as a business owner began in the military when a senior male colleague underestimated her abilities because of her gender.,https://www.forbes.com/sites/sughnenyongo/2024/11/21/how-black-women-veterans-are-redefining-entrepreneurship/,2024-11-21T20:37:33Z,"Returning Black soldier standing near American flag welcome home sign.
getty
Black women veterans are leading a wave of entrepreneurship that is giving back to their communities and changing percep… [+7530 chars]"
ETF Daily News,MarketBeat News,JPMorgan Chase & Co. (NYSE:JPM) Shares Bought by Parthenon LLC,"Parthenon LLC lifted its stake in shares of JPMorgan Chase & Co. (NYSE:JPM) by 0.5% in the third quarter, according to its most recent Form 13F filing with the Securities and Exchange Commission. The institutional investor owned 44,573 shares of the financial…",https://www.etfdailynews.com/2024/11/18/jpmorgan-chase-co-nysejpm-shares-bought-by-parthenon-llc/,2024-11-18T10:43:10Z,"Parthenon LLC lifted its stake in shares of JPMorgan Chase &amp; Co. (NYSE:JPM) by 0.5% in the third quarter, according to its most recent Form 13F filing with the Securities and Exchange Commission.… [+5667 chars]"
ETF Daily News,MarketBeat News,JPMorgan Chase & Co. (NYSE:JPM) Position Lessened by Platform Technology Partners,"Platform Technology Partners trimmed its holdings in shares of JPMorgan Chase & Co. (NYSE:JPM) by 1.5% in the 3rd quarter, according to the company in its most recent disclosure with the Securities & Exchange Commission. The institutional investor owned 28,11…",https://www.etfdailynews.com/2024/11/17/jpmorgan-chase-co-nysejpm-position-lessened-by-platform-technology-partners/,2024-11-17T10:58:58Z,"Platform Technology Partners trimmed its holdings in shares of JPMorgan Chase &amp; Co. (NYSE:JPM) by 1.5% in the 3rd quarter, according to the company in its most recent disclosure with the Securiti… [+6069 chars]"
ETF Daily News,MarketBeat News,Chase Investment Counsel Corp Acquires New Holdings in JPMorgan Chase & Co. (NYSE:JPM),"Chase Investment Counsel Corp bought a new position in JPMorgan Chase & Co. (NYSE:JPM) in the third quarter, Holdings Channel.com reports. The institutional investor bought 1,006 shares of the financial services provider’s stock, valued at approximately $212,…",https://www.etfdailynews.com/2024/11/18/chase-investment-counsel-corp-acquires-new-holdings-in-jpmorgan-chase-co-nysejpm/,2024-11-18T10:43:14Z,"Chase Investment Counsel Corp bought a new position in JPMorgan Chase &amp; Co. (NYSE:JPM) in the third quarter, Holdings Channel.com reports. The institutional investor bought 1,006 shares of the fi… [+6064 chars]"
ETF Daily News,MarketBeat News,Fountainhead AM LLC Lowers Position in JPMorgan Chase & Co. (NYSE:JPM),"Fountainhead AM LLC lessened its stake in shares of JPMorgan Chase & Co. (NYSE:JPM – Free Report) by 3.1% during the 3rd quarter, according to its most recent filing with the Securities and Exchange Commission. The institutional investor owned 3,260 shares of…",https://www.etfdailynews.com/2024/11/17/fountainhead-am-llc-lowers-position-in-jpmorgan-chase-co-nysejpm/,2024-11-17T09:10:51Z,"Fountainhead AM LLC lessened its stake in shares of JPMorgan Chase &amp; Co. (NYSE:JPM – Free Report) by 3.1% during the 3rd quarter, according to its most recent filing with the Securities and Excha… [+5441 chars]"
ETF Daily News,MarketBeat News,"JPMorgan Chase & Co. Downgrades Grupo Televisa, S.A.B. (NYSE:TV) to Neutral","JPMorgan Chase & Co. downgraded shares of Grupo Televisa, S.A.B. (NYSE:TV – Free Report) from an overweight rating to a neutral rating in a research report released on Thursday morning, Marketbeat Ratings reports. A number of other research firms have also we…",https://www.etfdailynews.com/2024/11/18/jpmorgan-chase-co-downgrades-grupo-televisa-s-a-b-nysetv-to-neutral/,2024-11-18T07:32:50Z,"JPMorgan Chase &amp; Co. downgraded shares of Grupo Televisa, S.A.B. (NYSE:TV – Free Report) from an overweight rating to a neutral rating in a research report released on Thursday morning, Marketbea… [+4229 chars]"
ETF Daily News,MarketBeat News,BCM Advisors LLC Grows Stake in JPMorgan Chase & Co. (NYSE:JPM),"BCM Advisors LLC raised its stake in JPMorgan Chase & Co. (NYSE:JPM – Free Report) by 382.1% during the third quarter, according to the company in its most recent Form 13F filing with the Securities and Exchange Commission. The fund owned 6,099 shares of the …",https://www.etfdailynews.com/2024/11/19/bcm-advisors-llc-grows-stake-in-jpmorgan-chase-co-nysejpm/,2024-11-19T11:42:52Z,"BCM Advisors LLC raised its stake in JPMorgan Chase &amp; Co. (NYSE:JPM – Free Report) by 382.1% during the third quarter, according to the company in its most recent Form 13F filing with the Securit… [+5957 chars]"
ETF Daily News,MarketBeat News,bluebird bio (NASDAQ:BLUE) Downgraded by JPMorgan Chase & Co. to “Underweight”,"JPMorgan Chase & Co. cut shares of bluebird bio (NASDAQ:BLUE – Free Report) from a neutral rating to an underweight rating in a research note published on Friday morning, Marketbeat Ratings reports. A number of other brokerages have also weighed in on BLUE. C…",https://www.etfdailynews.com/2024/11/18/bluebird-bio-nasdaqblue-downgraded-by-jpmorgan-chase-co-to-underweight/,2024-11-18T07:10:45Z,"JPMorgan Chase &amp; Co. cut shares of bluebird bio (NASDAQ:BLUE – Free Report) from a neutral rating to an underweight rating in a research note published on Friday morning, Marketbeat Ratings repor… [+4201 chars]"
ETF Daily News,MarketBeat News,WealthPLAN Partners LLC Reduces Stake in JPMorgan Chase & Co. (NYSE:JPM),"WealthPLAN Partners LLC cut its stake in shares of JPMorgan Chase & Co. (NYSE:JPM) by 12.6% during the third quarter, according to the company in its most recent Form 13F filing with the Securities and Exchange Commission (SEC). The firm owned 27,321 shares o…",https://www.etfdailynews.com/2024/11/17/wealthplan-partners-llc-reduces-stake-in-jpmorgan-chase-co-nysejpm/,2024-11-17T10:16:53Z,"WealthPLAN Partners LLC cut its stake in shares of JPMorgan Chase &amp; Co. (NYSE:JPM) by 12.6% during the third quarter, according to the company in its most recent Form 13F filing with the Securiti… [+6031 chars]"
ETF Daily News,MarketBeat News,JPMorgan Chase & Co. Cuts AbbVie (NYSE:ABBV) Price Target to $200.00,"AbbVie (NYSE:ABBV – Free Report) had its price objective trimmed by JPMorgan Chase & Co. from $210.00 to $200.00 in a research report report published on Wednesday morning,Benzinga reports. The firm currently has an overweight rating on the stock. Other equit…",https://www.etfdailynews.com/2024/11/16/jpmorgan-chase-co-cuts-abbvie-nyseabbv-price-target-to-200-00/,2024-11-16T10:04:57Z,"AbbVie (NYSE:ABBV – Free Report) had its price objective trimmed by JPMorgan Chase &amp; Co. from $210.00 to $200.00 in a research report report published on Wednesday morning,Benzinga reports. The f… [+4745 chars]"
ETF Daily News,MarketBeat News,Savvy Advisors Inc. Boosts Stake in JPMorgan Chase & Co. (NYSE:JPM),"Savvy Advisors Inc. boosted its position in shares of JPMorgan Chase & Co. (NYSE:JPM) by 25.3% during the 3rd quarter, according to the company in its most recent disclosure with the Securities & Exchange Commission. The firm owned 13,446 shares of the financ…",https://www.etfdailynews.com/2024/11/17/savvy-advisors-inc-boosts-stake-in-jpmorgan-chase-co-nysejpm/,2024-11-17T10:58:47Z,"Savvy Advisors Inc. boosted its position in shares of JPMorgan Chase &amp; Co. (NYSE:JPM) by 25.3% during the 3rd quarter, according to the company in its most recent disclosure with the Securities &… [+5570 chars]"
The Times of India,The Feed,"I haven't had a boss in 25 years; Jamie Dimon says this on not getting any job from Donald Trump, here's what all he said",JPMorgan Chase CEO Jamie Dimon opens up about why he declined President-elect Donald Trump's offer to join his administration as Treasury Secretary.,https://economictimes.indiatimes.com/news/international/us/i-havent-had-a-boss-in-25-years-jamie-dimon-says-this-on-not-getting-any-job-from-donald-trump-heres-what-all-he-said/articleshow/115368649.cms,2024-11-16T18:32:27Z,"Marketing
Future of Marketing &amp; Branding Masterclass
By - Dr. David Aaker, Professor Emeritus at the Haas School of Business, UC Berkeley, Author | Speaker | Thought Leader | Branding Consultan… [+14 chars]"
Biztoc.com,nytimes.com,How High School Graduates Can Improve Their Earnings Potential,"Isaiah Mowbray left college after a semester but enrolled in a job-training program, learned to code and is now a senior software engineer at JPMorgan Chase.",https://biztoc.com/x/b415d0dd613bb8f2,2024-11-21T07:05:52Z,"Isaiah Mowbray left college after a semester but enrolled in a job-training program, learned to code and is now a senior software engineer at JPMorgan Chase.
This story appeared on nytimes.com, 2024… [+15 chars]"
ETF Daily News,MarketBeat News,JPMorgan Chase & Co. (NYSE:JPM) Shares Sold by Chartwell Investment Partners LLC,"Chartwell Investment Partners LLC reduced its position in shares of JPMorgan Chase & Co. (NYSE:JPM) by 11.6% in the 3rd quarter, according to the company in its most recent filing with the Securities and Exchange Commission. The firm owned 169,325 shares of t…",https://www.etfdailynews.com/2024/11/16/jpmorgan-chase-co-nysejpm-shares-sold-by-chartwell-investment-partners-llc/,2024-11-16T10:01:00Z,"Chartwell Investment Partners LLC reduced its position in shares of JPMorgan Chase &amp; Co. (NYSE:JPM) by 11.6% in the 3rd quarter, according to the company in its most recent filing with the Securi… [+6390 chars]"
ETF Daily News,MarketBeat News,Oppenheimer Asset Management Inc. Has $126.80 Million Stake in JPMorgan Chase & Co. (NYSE:JPM),"Oppenheimer Asset Management Inc. trimmed its holdings in shares of JPMorgan Chase & Co. (NYSE:JPM) by 1.8% in the 3rd quarter, according to the company in its most recent disclosure with the Securities & Exchange Commission. The firm owned 601,354 shares of …",https://www.etfdailynews.com/2024/11/18/oppenheimer-asset-management-inc-has-126-80-million-stake-in-jpmorgan-chase-co-nysejpm/,2024-11-18T10:43:19Z,"Oppenheimer Asset Management Inc. trimmed its holdings in shares of JPMorgan Chase &amp; Co. (NYSE:JPM) by 1.8% in the 3rd quarter, according to the company in its most recent disclosure with the Sec… [+6213 chars]"
ETF Daily News,MarketBeat News,JPMorgan Chase & Co. (NYSE:JPM) Shares Purchased by Plato Investment Management Ltd,"Plato Investment Management Ltd raised its position in JPMorgan Chase & Co. (NYSE:JPM – Free Report) by 0.6% during the 3rd quarter, according to its most recent disclosure with the Securities and Exchange Commission. The firm owned 56,484 shares of the finan…",https://www.etfdailynews.com/2024/11/18/jpmorgan-chase-co-nysejpm-shares-purchased-by-plato-investment-management-ltd/,2024-11-18T10:43:14Z,"Plato Investment Management Ltd raised its position in JPMorgan Chase &amp; Co. (NYSE:JPM – Free Report) by 0.6% during the 3rd quarter, according to its most recent disclosure with the Securities an… [+5795 chars]"
ETF Daily News,MarketBeat News,Missouri Trust & Investment Co Sells 189 Shares of JPMorgan Chase & Co. (NYSE:JPM),"Missouri Trust & Investment Co decreased its position in JPMorgan Chase & Co. (NYSE:JPM) by 1.0% during the 3rd quarter, according to the company in its most recent disclosure with the Securities & Exchange Commission. The institutional investor owned 18,898 …",https://www.etfdailynews.com/2024/11/17/missouri-trust-investment-co-sells-189-shares-of-jpmorgan-chase-co-nysejpm/,2024-11-17T11:36:55Z,"Missouri Trust &amp; Investment Co decreased its position in JPMorgan Chase &amp; Co. (NYSE:JPM) by 1.0% during the 3rd quarter, according to the company in its most recent disclosure with the Securi… [+5784 chars]"
ETF Daily News,MarketBeat News,JPMorgan Chase & Co. (NYSE:JPM) Shares Bought by LJI Wealth Management LLC,"LJI Wealth Management LLC lifted its stake in JPMorgan Chase & Co. (NYSE:JPM) by 1.8% in the third quarter, according to the company in its most recent disclosure with the Securities and Exchange Commission. The firm owned 28,325 shares of the financial servi…",https://www.etfdailynews.com/2024/11/21/jpmorgan-chase-co-nysejpm-shares-bought-by-lji-wealth-management-llc/,2024-11-21T08:58:53Z,"LJI Wealth Management LLC lifted its stake in JPMorgan Chase &amp; Co. (NYSE:JPM) by 1.8% in the third quarter, according to the company in its most recent disclosure with the Securities and Exchange… [+6029 chars]"
Yahoo Entertainment,Shinhye Kang and Sangmi Cha,Samsung Shares Surge After Surprise $7 Billion Stock Buyback,(Bloomberg) -- Samsung Electronics Co. shares surged after South Korea’s biggest company announced a surprise plan to buy back about 10 trillion won ($7.2...,https://finance.yahoo.com/news/samsung-jumps-surprise-7-billion-000855261.html,2024-11-18T00:08:55Z,(Bloomberg) -- Samsung Electronics Co. shares surged after South Koreas biggest company announced a surprise plan to buy back about 10 trillion won ($7.2 billion) of its own stock over the next year.… [+1785 chars]
Yahoo Entertainment,Sam Ro,The holidays are coming and experts say Americans will be opening their wallets,Americans plan to spend more on holiday shopping this year than they did last year.,https://finance.yahoo.com/news/the-holidays-are-coming-and-experts-say-americans-will-be-opening-their-wallets-144804659.html,2024-11-17T14:48:04Z,Americans plan to spend more on holiday shopping this year than they did last year.Thats the takeaway from pretty much every consumer survey conducted over the past several weeks. Below are some high… [+9530 chars]
pymnts.com,PYMNTS,JPMorgan UK Digital Bank Debuts First Credit Card,"J.P. Morgan’s digital-only bank Chase UK has reportedly introduced its first credit card. The move comes after the banking giant’s British venture took in upwards of £20 billion in deposits in three years, the Financial Times (FT) reported Tuesday (Nov. 19). …",https://www.pymnts.com/news/digital-banking/2024/jpmorgan-uk-digital-bank-debuts-first-credit-card/,2024-11-19T11:55:35Z,"J.P. Morgan’s digital-only bank Chase UK has reportedly introduced its first credit card.
The move comes after the banking giant’s British venture took in upwards of £20 billion in deposits in three… [+2318 chars]"
ETF Daily News,MarketBeat News,"Vantage Investment Partners LLC Sells 2,800 Shares of JPMorgan Chase & Co. (NYSE:JPM)","Vantage Investment Partners LLC decreased its holdings in shares of JPMorgan Chase & Co. (NYSE:JPM) by 4.0% in the third quarter, according to the company in its most recent Form 13F filing with the Securities & Exchange Commission. The firm owned 67,501 shar…",https://www.etfdailynews.com/2024/11/17/vantage-investment-partners-llc-sells-2800-shares-of-jpmorgan-chase-co-nysejpm/,2024-11-17T09:10:52Z,"Vantage Investment Partners LLC decreased its holdings in shares of JPMorgan Chase &amp; Co. (NYSE:JPM) by 4.0% in the third quarter, according to the company in its most recent Form 13F filing with … [+5548 chars]"
ETF Daily News,MarketBeat News,JPMorgan Chase & Co. (NYSE:JPM) Shares Bought by Ashton Thomas Securities LLC,"Ashton Thomas Securities LLC raised its stake in JPMorgan Chase & Co. (NYSE:JPM) by 18.3% in the 3rd quarter, according to its most recent Form 13F filing with the Securities and Exchange Commission (SEC). The institutional investor owned 7,355 shares of the …",https://www.etfdailynews.com/2024/11/16/jpmorgan-chase-co-nysejpm-shares-bought-by-ashton-thomas-securities-llc/,2024-11-16T10:00:59Z,"Ashton Thomas Securities LLC raised its stake in JPMorgan Chase &amp; Co. (NYSE:JPM) by 18.3% in the 3rd quarter, according to its most recent Form 13F filing with the Securities and Exchange Commiss… [+5511 chars]"
ETF Daily News,MarketBeat News,Angeles Investment Advisors LLC Raises Position in JPMorgan Chase & Co. (NYSE:JPM),"Angeles Investment Advisors LLC lifted its holdings in JPMorgan Chase & Co. (NYSE:JPM) by 1.1% in the third quarter, according to its most recent filing with the Securities and Exchange Commission (SEC). The institutional investor owned 5,399 shares of the fi…",https://www.etfdailynews.com/2024/11/18/angeles-investment-advisors-llc-raises-position-in-jpmorgan-chase-co-nysejpm/,2024-11-18T10:43:12Z,"Angeles Investment Advisors LLC lifted its holdings in JPMorgan Chase &amp; Co. (NYSE:JPM) by 1.1% in the third quarter, according to its most recent filing with the Securities and Exchange Commissio… [+5954 chars]"
ETF Daily News,MarketBeat News,Schneider Downs Wealth Management Advisors LP Boosts Stake in JPMorgan Chase & Co. (NYSE:JPM),"Schneider Downs Wealth Management Advisors LP raised its position in shares of JPMorgan Chase & Co. (NYSE:JPM) by 9.8% in the 3rd quarter, according to its most recent 13F filing with the Securities and Exchange Commission (SEC). The institutional investor ow…",https://www.etfdailynews.com/2024/11/21/schneider-downs-wealth-management-advisors-lp-boosts-stake-in-jpmorgan-chase-co-nysejpm/,2024-11-21T08:58:51Z,"Schneider Downs Wealth Management Advisors LP raised its position in shares of JPMorgan Chase &amp; Co. (NYSE:JPM) by 9.8% in the 3rd quarter, according to its most recent 13F filing with the Securit… [+6154 chars]"
ETF Daily News,MarketBeat News,D Orazio & Associates Inc. Raises Stock Position in JPMorgan Chase & Co. (NYSE:JPM),"D Orazio & Associates Inc. boosted its position in JPMorgan Chase & Co. (NYSE:JPM) by 4.4% during the 3rd quarter, according to its most recent 13F filing with the Securities and Exchange Commission (SEC). The institutional investor owned 5,897 shares of the …",https://www.etfdailynews.com/2024/11/18/d-orazio-associates-inc-raises-stock-position-in-jpmorgan-chase-co-nysejpm/,2024-11-18T10:43:19Z,"D Orazio &amp; Associates Inc. boosted its position in JPMorgan Chase &amp; Co. (NYSE:JPM) by 4.4% during the 3rd quarter, according to its most recent 13F filing with the Securities and Exchange Com… [+5575 chars]"
ETF Daily News,MarketBeat News,Evolution Wealth Advisors LLC Sells 530 Shares of JPMorgan Chase & Co. (NYSE:JPM),"Evolution Wealth Advisors LLC reduced its stake in shares of JPMorgan Chase & Co. (NYSE:JPM) by 9.9% during the 3rd quarter, according to its most recent disclosure with the Securities and Exchange Commission (SEC). The fund owned 4,838 shares of the financia…",https://www.etfdailynews.com/2024/11/21/evolution-wealth-advisors-llc-sells-530-shares-of-jpmorgan-chase-co-nysejpm/,2024-11-21T14:00:50Z,"Evolution Wealth Advisors LLC reduced its stake in shares of JPMorgan Chase &amp; Co. (NYSE:JPM) by 9.9% during the 3rd quarter, according to its most recent disclosure with the Securities and Exchan… [+5276 chars]"
ETF Daily News,MarketBeat News,"Catalytic Wealth RIA LLC Purchases 8,856 Shares of JPMorgan Chase & Co. (NYSE:JPM)","Catalytic Wealth RIA LLC lifted its holdings in JPMorgan Chase & Co. (NYSE:JPM) by 43.5% in the 3rd quarter, according to the company in its most recent filing with the Securities and Exchange Commission. The institutional investor owned 29,209 shares of the …",https://www.etfdailynews.com/2024/11/16/catalytic-wealth-ria-llc-purchases-8856-shares-of-jpmorgan-chase-co-nysejpm/,2024-11-16T10:01:00Z,"Catalytic Wealth RIA LLC lifted its holdings in JPMorgan Chase &amp; Co. (NYSE:JPM) by 43.5% in the 3rd quarter, according to the company in its most recent filing with the Securities and Exchange Co… [+6215 chars]"
ETF Daily News,MarketBeat News,Cassady Schiller Wealth Management LLC Cuts Stake in JPMorgan Chase & Co. (NYSE:JPM),"Cassady Schiller Wealth Management LLC trimmed its holdings in JPMorgan Chase & Co. (NYSE:JPM) by 8.5% in the 3rd quarter, according to its most recent filing with the Securities and Exchange Commission (SEC). The firm owned 2,876 shares of the financial serv…",https://www.etfdailynews.com/2024/11/21/cassady-schiller-wealth-management-llc-cuts-stake-in-jpmorgan-chase-co-nysejpm/,2024-11-21T08:58:51Z,"Cassady Schiller Wealth Management LLC trimmed its holdings in JPMorgan Chase &amp; Co. (NYSE:JPM) by 8.5% in the 3rd quarter, according to its most recent filing with the Securities and Exchange Com… [+5415 chars]"
ETF Daily News,MarketBeat News,Kentucky Retirement Systems Insurance Trust Fund Has $17.76 Million Stock Position in JPMorgan Chase & Co. (NYSE:JPM),"Kentucky Retirement Systems Insurance Trust Fund reduced its position in shares of JPMorgan Chase & Co. (NYSE:JPM – Free Report) by 9.1% in the 3rd quarter, according to its most recent filing with the Securities & Exchange Commission. The fund owned 84,238 s…",https://www.etfdailynews.com/2024/11/21/kentucky-retirement-systems-insurance-trust-fund-has-17-76-million-stock-position-in-jpmorgan-chase-co-nysejpm/,2024-11-21T14:00:50Z,"Kentucky Retirement Systems Insurance Trust Fund reduced its position in shares of JPMorgan Chase &amp; Co. (NYSE:JPM – Free Report) by 9.1% in the 3rd quarter, according to its most recent filing wi… [+5466 chars]"
ETF Daily News,MarketBeat News,JPMorgan Chase & Co. (NYSE:JPM) Holdings Boosted by Turtle Creek Wealth Advisors LLC,"Turtle Creek Wealth Advisors LLC increased its holdings in shares of JPMorgan Chase & Co. (NYSE:JPM – Free Report) by 2.9% in the 3rd quarter, according to its most recent Form 13F filing with the Securities and Exchange Commission. The institutional investor…",https://www.etfdailynews.com/2024/11/21/jpmorgan-chase-co-nysejpm-holdings-boosted-by-turtle-creek-wealth-advisors-llc/,2024-11-21T08:58:51Z,"Turtle Creek Wealth Advisors LLC increased its holdings in shares of JPMorgan Chase &amp; Co. (NYSE:JPM – Free Report) by 2.9% in the 3rd quarter, according to its most recent Form 13F filing with th… [+5453 chars]"
ETF Daily News,MarketBeat News,WCM Investment Management LLC Has $2.16 Million Stake in JPMorgan Chase & Co. (NYSE:JPM),"WCM Investment Management LLC grew its position in JPMorgan Chase & Co. (NYSE:JPM – Free Report) by 324.6% during the 3rd quarter, according to its most recent Form 13F filing with the Securities and Exchange Commission. The fund owned 10,258 shares of the fi…",https://www.etfdailynews.com/2024/11/16/wcm-investment-management-llc-has-2-16-million-stake-in-jpmorgan-chase-co-nysejpm/,2024-11-16T11:44:51Z,"WCM Investment Management LLC grew its position in JPMorgan Chase &amp; Co. (NYSE:JPM – Free Report) by 324.6% during the 3rd quarter, according to its most recent Form 13F filing with the Securities… [+5378 chars]"
ETF Daily News,MarketBeat News,"Empowered Funds LLC Buys 8,893 Shares of JPMorgan Chase & Co. (NYSE:JPM)","Empowered Funds LLC raised its stake in JPMorgan Chase & Co. (NYSE:JPM) by 8.7% in the 3rd quarter, according to its most recent 13F filing with the Securities and Exchange Commission (SEC). The institutional investor owned 111,062 shares of the financial ser…",https://www.etfdailynews.com/2024/11/20/empowered-funds-llc-buys-8893-shares-of-jpmorgan-chase-co-nysejpm/,2024-11-20T11:44:52Z,"Empowered Funds LLC raised its stake in JPMorgan Chase &amp; Co. (NYSE:JPM) by 8.7% in the 3rd quarter, according to its most recent 13F filing with the Securities and Exchange Commission (SEC). The … [+5251 chars]"
ETF Daily News,MarketBeat News,Sawgrass Asset Management LLC Decreases Stake in JPMorgan Chase & Co. (NYSE:JPM),"Sawgrass Asset Management LLC lessened its stake in shares of JPMorgan Chase & Co. (NYSE:JPM – Free Report) by 1.8% during the 3rd quarter, according to the company in its most recent filing with the Securities and Exchange Commission. The fund owned 19,090 s…",https://www.etfdailynews.com/2024/11/21/sawgrass-asset-management-llc-decreases-stake-in-jpmorgan-chase-co-nysejpm/,2024-11-21T08:58:51Z,"Sawgrass Asset Management LLC lessened its stake in shares of JPMorgan Chase &amp; Co. (NYSE:JPM – Free Report) by 1.8% during the 3rd quarter, according to the company in its most recent filing with… [+5965 chars]"
ETF Daily News,MarketBeat News,KPP Advisory Services LLC Raises Stock Position in JPMorgan Chase & Co. (NYSE:JPM),"KPP Advisory Services LLC raised its holdings in shares of JPMorgan Chase & Co. (NYSE:JPM – Free Report) by 0.8% during the third quarter, according to the company in its most recent disclosure with the Securities & Exchange Commission. The firm owned 13,136 …",https://www.etfdailynews.com/2024/11/21/kpp-advisory-services-llc-raises-stock-position-in-jpmorgan-chase-co-nysejpm/,2024-11-21T08:58:52Z,"KPP Advisory Services LLC raised its holdings in shares of JPMorgan Chase &amp; Co. (NYSE:JPM – Free Report) by 0.8% during the third quarter, according to the company in its most recent disclosure w… [+5919 chars]"
ETF Daily News,MarketBeat News,Hassell Wealth Management LLC Buys 73 Shares of JPMorgan Chase & Co. (NYSE:JPM),"Hassell Wealth Management LLC grew its stake in JPMorgan Chase & Co. (NYSE:JPM) by 1.8% in the third quarter, according to the company in its most recent 13F filing with the Securities and Exchange Commission (SEC). The institutional investor owned 4,085 shar…",https://www.etfdailynews.com/2024/11/18/hassell-wealth-management-llc-buys-73-shares-of-jpmorgan-chase-co-nysejpm/,2024-11-18T10:43:16Z,"Hassell Wealth Management LLC grew its stake in JPMorgan Chase &amp; Co. (NYSE:JPM) by 1.8% in the third quarter, according to the company in its most recent 13F filing with the Securities and Exchan… [+5735 chars]"
ETF Daily News,MarketBeat News,Northcape Wealth Management LLC Sells 291 Shares of JPMorgan Chase & Co. (NYSE:JPM),"Northcape Wealth Management LLC cut its stake in JPMorgan Chase & Co. (NYSE:JPM – Free Report) by 1.4% in the third quarter, according to the company in its most recent Form 13F filing with the Securities & Exchange Commission. The fund owned 20,574 shares of…",https://www.etfdailynews.com/2024/11/20/northcape-wealth-management-llc-sells-291-shares-of-jpmorgan-chase-co-nysejpm/,2024-11-20T11:44:53Z,"Northcape Wealth Management LLC cut its stake in JPMorgan Chase &amp; Co. (NYSE:JPM – Free Report) by 1.4% in the third quarter, according to the company in its most recent Form 13F filing with the S… [+5805 chars]"
ETF Daily News,MarketBeat News,"Vestia Personal Wealth Advisors Purchases Shares of 1,033 JPMorgan Chase & Co. (NYSE:JPM)","Vestia Personal Wealth Advisors acquired a new position in JPMorgan Chase & Co. (NYSE:JPM) during the third quarter, according to the company in its most recent Form 13F filing with the SEC. The fund acquired 1,033 shares of the financial services provider’s …",https://www.etfdailynews.com/2024/11/17/vestia-personal-wealth-advisors-purchases-shares-of-1033-jpmorgan-chase-co-nysejpm/,2024-11-17T09:10:53Z,"Vestia Personal Wealth Advisors acquired a new position in JPMorgan Chase &amp; Co. (NYSE:JPM) during the third quarter, according to the company in its most recent Form 13F filing with the SEC. The … [+5982 chars]"
ETF Daily News,MarketBeat News,Altrius Capital Management Inc Buys 113 Shares of JPMorgan Chase & Co. (NYSE:JPM),"Altrius Capital Management Inc increased its stake in shares of JPMorgan Chase & Co. (NYSE:JPM) by 0.5% in the 3rd quarter, according to its most recent Form 13F filing with the Securities and Exchange Commission. The institutional investor owned 22,396 share…",https://www.etfdailynews.com/2024/11/20/altrius-capital-management-inc-buys-113-shares-of-jpmorgan-chase-co-nysejpm/,2024-11-20T11:44:52Z,"Altrius Capital Management Inc increased its stake in shares of JPMorgan Chase &amp; Co. (NYSE:JPM) by 0.5% in the 3rd quarter, according to its most recent Form 13F filing with the Securities and Ex… [+5380 chars]"
ETF Daily News,MarketBeat News,Neumann Capital Management LLC Lowers Position in JPMorgan Chase & Co. (NYSE:JPM),"Neumann Capital Management LLC lowered its stake in JPMorgan Chase & Co. (NYSE:JPM – Free Report) by 7.3% during the third quarter, according to its most recent disclosure with the Securities and Exchange Commission (SEC). The fund owned 12,672 shares of the …",https://www.etfdailynews.com/2024/11/19/neumann-capital-management-llc-lowers-position-in-jpmorgan-chase-co-nysejpm/,2024-11-19T09:23:03Z,"Neumann Capital Management LLC lowered its stake in JPMorgan Chase &amp; Co. (NYSE:JPM – Free Report) by 7.3% during the third quarter, according to its most recent disclosure with the Securities and… [+5793 chars]"
ETF Daily News,MarketBeat News,Lifeworks Advisors LLC Purchases 117 Shares of JPMorgan Chase & Co. (NYSE:JPM),"Lifeworks Advisors LLC increased its position in shares of JPMorgan Chase & Co. (NYSE:JPM – Free Report) by 3.1% during the third quarter, according to the company in its most recent disclosure with the Securities and Exchange Commission. The fund owned 3,893…",https://www.etfdailynews.com/2024/11/19/lifeworks-advisors-llc-purchases-117-shares-of-jpmorgan-chase-co-nysejpm/,2024-11-19T09:23:07Z,"Lifeworks Advisors LLC increased its position in shares of JPMorgan Chase &amp; Co. (NYSE:JPM – Free Report) by 3.1% during the third quarter, according to the company in its most recent disclosure w… [+5888 chars]"
ETF Daily News,MarketBeat News,"Mill Creek Capital Advisors LLC Sells 1,935 Shares of JPMorgan Chase & Co. (NYSE:JPM)","Mill Creek Capital Advisors LLC trimmed its position in shares of JPMorgan Chase & Co. (NYSE:JPM – Free Report) by 6.7% in the 3rd quarter, according to the company in its most recent Form 13F filing with the Securities and Exchange Commission. The fund owned…",https://www.etfdailynews.com/2024/11/21/mill-creek-capital-advisors-llc-sells-1935-shares-of-jpmorgan-chase-co-nysejpm/,2024-11-21T08:58:51Z,"Mill Creek Capital Advisors LLC trimmed its position in shares of JPMorgan Chase &amp; Co. (NYSE:JPM – Free Report) by 6.7% in the 3rd quarter, according to the company in its most recent Form 13F fi… [+6154 chars]"
ETF Daily News,MarketBeat News,Planning Capital Management Corp Cuts Stake in JPMorgan Chase & Co. (NYSE:JPM),"Planning Capital Management Corp decreased its holdings in JPMorgan Chase & Co. (NYSE:JPM – Free Report) by 37.0% in the third quarter, according to its most recent disclosure with the Securities & Exchange Commission. The institutional investor owned 1,846 s…",https://www.etfdailynews.com/2024/11/19/planning-capital-management-corp-cuts-stake-in-jpmorgan-chase-co-nysejpm/,2024-11-19T11:42:52Z,"Planning Capital Management Corp decreased its holdings in JPMorgan Chase &amp; Co. (NYSE:JPM – Free Report) by 37.0% in the third quarter, according to its most recent disclosure with the Securities… [+5254 chars]"
ETF Daily News,MarketBeat News,Sycomore Asset Management Takes $3.50 Million Position in JPMorgan Chase & Co. (NYSE:JPM),"Sycomore Asset Management bought a new position in JPMorgan Chase & Co. (NYSE:JPM) in the 3rd quarter, HoldingsChannel reports. The fund bought 16,671 shares of the financial services provider’s stock, valued at approximately $3,497,000. Several other institu…",https://www.etfdailynews.com/2024/11/19/sycomore-asset-management-takes-3-50-million-position-in-jpmorgan-chase-co-nysejpm/,2024-11-19T09:23:05Z,"Sycomore Asset Management bought a new position in JPMorgan Chase &amp; Co. (NYSE:JPM) in the 3rd quarter, HoldingsChannel reports. The fund bought 16,671 shares of the financial services provider’s … [+5916 chars]"
ETF Daily News,MarketBeat News,JPMorgan Chase & Co. (NYSE:JPM) Shares Sold by OVERSEA CHINESE BANKING Corp Ltd,"OVERSEA CHINESE BANKING Corp Ltd cut its holdings in shares of JPMorgan Chase & Co. (NYSE:JPM – Free Report) by 19.4% in the third quarter, according to its most recent filing with the Securities and Exchange Commission. The fund owned 117,172 shares of the f…",https://www.etfdailynews.com/2024/11/17/jpmorgan-chase-co-nysejpm-shares-sold-by-oversea-chinese-banking-corp-ltd/,2024-11-17T10:16:55Z,"OVERSEA CHINESE BANKING Corp Ltd cut its holdings in shares of JPMorgan Chase &amp; Co. (NYSE:JPM – Free Report) by 19.4% in the third quarter, according to its most recent filing with the Securities… [+5369 chars]"
ETF Daily News,MarketBeat News,Proffitt & Goodson Inc. Sells 109 Shares of JPMorgan Chase & Co. (NYSE:JPM),"Proffitt & Goodson Inc. trimmed its stake in shares of JPMorgan Chase & Co. (NYSE:JPM – Free Report) by 1.4% during the 3rd quarter, according to the company in its most recent 13F filing with the Securities and Exchange Commission (SEC). The fund owned 7,950…",https://www.etfdailynews.com/2024/11/16/proffitt-goodson-inc-sells-109-shares-of-jpmorgan-chase-co-nysejpm/,2024-11-16T10:01:00Z,"Proffitt &amp; Goodson Inc. trimmed its stake in shares of JPMorgan Chase &amp; Co. (NYSE:JPM – Free Report) by 1.4% during the 3rd quarter, according to the company in its most recent 13F filing wit… [+5836 chars]"
ETF Daily News,MarketBeat News,Cutler Investment Counsel LLC Cuts Position in JPMorgan Chase & Co. (NYSE:JPM),"Cutler Investment Counsel LLC trimmed its holdings in shares of JPMorgan Chase & Co. (NYSE:JPM) by 3.1% in the third quarter, according to its most recent disclosure with the Securities and Exchange Commission. The fund owned 50,653 shares of the financial se…",https://www.etfdailynews.com/2024/11/21/cutler-investment-counsel-llc-cuts-position-in-jpmorgan-chase-co-nysejpm/,2024-11-21T08:58:51Z,"Cutler Investment Counsel LLC trimmed its holdings in shares of JPMorgan Chase &amp; Co. (NYSE:JPM) by 3.1% in the third quarter, according to its most recent disclosure with the Securities and Excha… [+5245 chars]"
ETF Daily News,MarketBeat News,Bond & Devick Financial Network Inc. Trims Holdings in JPMorgan Chase & Co. (NYSE:JPM),"Bond & Devick Financial Network Inc. reduced its stake in JPMorgan Chase & Co. (NYSE:JPM – Free Report) by 3.9% in the 3rd quarter, according to the company in its most recent filing with the Securities & Exchange Commission. The institutional investor owned …",https://www.etfdailynews.com/2024/11/16/bond-devick-financial-network-inc-trims-holdings-in-jpmorgan-chase-co-nysejpm/,2024-11-16T10:53:21Z,"Bond &amp; Devick Financial Network Inc. reduced its stake in JPMorgan Chase &amp; Co. (NYSE:JPM – Free Report) by 3.9% in the 3rd quarter, according to the company in its most recent filing with the… [+5772 chars]"
ETF Daily News,MarketBeat News,Omnia Family Wealth LLC Buys 353 Shares of JPMorgan Chase & Co. (NYSE:JPM),"Omnia Family Wealth LLC boosted its position in JPMorgan Chase & Co. (NYSE:JPM – Free Report) by 6.4% during the 3rd quarter, according to the company in its most recent Form 13F filing with the SEC. The institutional investor owned 5,828 shares of the financ…",https://www.etfdailynews.com/2024/11/19/omnia-family-wealth-llc-buys-353-shares-of-jpmorgan-chase-co-nysejpm/,2024-11-19T09:23:07Z,"Omnia Family Wealth LLC boosted its position in JPMorgan Chase &amp; Co. (NYSE:JPM – Free Report) by 6.4% during the 3rd quarter, according to the company in its most recent Form 13F filing with the … [+6061 chars]"
ETF Daily News,MarketBeat News,Signature Estate & Investment Advisors LLC Sells 154 Shares of JPMorgan Chase & Co. (NYSE:JPM),"Signature Estate & Investment Advisors LLC lessened its stake in JPMorgan Chase & Co. (NYSE:JPM – Free Report) by 0.7% in the third quarter, according to the company in its most recent 13F filing with the Securities and Exchange Commission. The firm owned 21,…",https://www.etfdailynews.com/2024/11/20/signature-estate-investment-advisors-llc-sells-154-shares-of-jpmorgan-chase-co-nysejpm/,2024-11-20T11:44:52Z,"Signature Estate &amp; Investment Advisors LLC lessened its stake in JPMorgan Chase &amp; Co. (NYSE:JPM – Free Report) by 0.7% in the third quarter, according to the company in its most recent 13F fi… [+5983 chars]"
ETF Daily News,MarketBeat News,Valley Wealth Managers Inc. Has $5.45 Million Stock Holdings in JPMorgan Chase & Co. (NYSE:JPM),"Valley Wealth Managers Inc. decreased its holdings in shares of JPMorgan Chase & Co. (NYSE:JPM) by 7.0% during the 3rd quarter, according to the company in its most recent Form 13F filing with the Securities and Exchange Commission. The fund owned 25,863 shar…",https://www.etfdailynews.com/2024/11/20/valley-wealth-managers-inc-has-5-45-million-stock-holdings-in-jpmorgan-chase-co-nysejpm/,2024-11-20T11:44:51Z,"Valley Wealth Managers Inc. decreased its holdings in shares of JPMorgan Chase &amp; Co. (NYSE:JPM) by 7.0% during the 3rd quarter, according to the company in its most recent Form 13F filing with th… [+5756 chars]"
ETF Daily News,MarketBeat News,JPMorgan Chase & Co. Issues Positive Forecast for Imperial Oil (TSE:IMO) Stock Price,"Imperial Oil (TSE:IMO – Free Report) (NYSEMKT:IMO) had its target price increased by JPMorgan Chase & Co. from C$97.00 to C$100.00 in a research report released on Wednesday morning,BayStreet.CA reports. A number of other research analysts also recently weigh…",https://www.etfdailynews.com/2024/11/16/jpmorgan-chase-co-issues-positive-forecast-for-imperial-oil-tseimo-stock-price/,2024-11-16T08:50:54Z,"Imperial Oil (TSE:IMO – Free Report) (NYSEMKT:IMO) had its target price increased by JPMorgan Chase &amp; Co. from C$97.00 to C$100.00 in a research report released on Wednesday morning,BayStreet.CA … [+2792 chars]"
The Daily Hodl,Henry Kanapi,"JPMorgan Chase, Morgan Stanley and Citi Say Raging Bull Market Not Over Yet – Here’s Their Outlook",Several Wall Street banking giants are forecasting blue skies for US equities – at least until 2024 comes to a close. Morgan Stanley chief US equity strategist Mike Wilson tells Bloomberg that he expects the S&P 500 to revisit all-time high levels by the end …,https://dailyhodl.com/2024/11/16/jpmorgan-chase-morgan-stanley-and-citi-forecast-raging-bull-market-will-continue-heres-the-timeline/,2024-11-16T18:23:07Z,"Several Wall Street banking giants are forecasting blue skies for US equities at least until 2024 comes to a close.
Morgan Stanley chief US equity strategist Mike Wilson tells Bloomberg that he expe… [+2119 chars]"
ETF Daily News,MarketBeat News,TC Energy (TSE:TRP) Given New C$79.00 Price Target at JPMorgan Chase & Co.,"TC Energy (TSE:TRP – Free Report) (NYSE:TRP) had its price objective boosted by JPMorgan Chase & Co. from C$70.00 to C$79.00 in a report published on Monday,BayStreet.CA reports. Other research analysts have also recently issued research reports about the com…",https://www.etfdailynews.com/2024/11/19/tc-energy-tsetrp-given-new-c79-00-price-target-at-jpmorgan-chase-co/,2024-11-19T09:30:56Z,"TC Energy (TSE:TRP – Free Report) (NYSE:TRP) had its price objective boosted by JPMorgan Chase &amp; Co. from C$70.00 to C$79.00 in a report published on Monday,BayStreet.CA reports.
Other research … [+4201 chars]"
ETF Daily News,MarketBeat News,Hemenway Trust Co LLC Sells 316 Shares of JPMorgan Chase & Co. (NYSE:JPM),"Hemenway Trust Co LLC reduced its holdings in shares of JPMorgan Chase & Co. (NYSE:JPM) by 2.9% during the third quarter, according to the company in its most recent disclosure with the Securities and Exchange Commission (SEC). The institutional investor owne…",https://www.etfdailynews.com/2024/11/17/hemenway-trust-co-llc-sells-316-shares-of-jpmorgan-chase-co-nysejpm/,2024-11-17T10:58:59Z,"Hemenway Trust Co LLC reduced its holdings in shares of JPMorgan Chase &amp; Co. (NYSE:JPM) by 2.9% during the third quarter, according to the company in its most recent disclosure with the Securitie… [+6196 chars]"
ETF Daily News,MarketBeat News,JPMorgan Chase & Co. Forecasts Strong Price Appreciation for Williams-Sonoma (NYSE:WSM) Stock,"Williams-Sonoma (NYSE:WSM – Free Report) had its price target raised by JPMorgan Chase & Co. from $136.00 to $145.00 in a research note released on Tuesday,Benzinga reports. They currently have a neutral rating on the specialty retailer’s stock. Other analyst…",https://www.etfdailynews.com/2024/11/20/jpmorgan-chase-co-forecasts-strong-price-appreciation-for-williams-sonoma-nysewsm-stock/,2024-11-20T09:44:51Z,"Williams-Sonoma (NYSE:WSM – Free Report) had its price target raised by JPMorgan Chase &amp; Co. from $136.00 to $145.00 in a research note released on Tuesday,Benzinga reports. They currently have a… [+6360 chars]"
ETF Daily News,MarketBeat News,JPMorgan Chase & Co. (NYSE:JPM) Shares Sold by Central Asset Investments & Management Holdings HK Ltd,"Central Asset Investments & Management Holdings HK Ltd lowered its position in JPMorgan Chase & Co. (NYSE:JPM) by 87.9% in the third quarter, according to the company in its most recent Form 13F filing with the Securities & Exchange Commission. The firm owned…",https://www.etfdailynews.com/2024/11/20/jpmorgan-chase-co-nysejpm-shares-sold-by-central-asset-investments-management-holdings-hk-ltd/,2024-11-20T11:44:51Z,"Central Asset Investments &amp; Management Holdings HK Ltd lowered its position in JPMorgan Chase &amp; Co. (NYSE:JPM) by 87.9% in the third quarter, according to the company in its most recent Form … [+6381 chars]"
ETF Daily News,MarketBeat News,Buck Wealth Strategies LLC Has $8.57 Million Holdings in JPMorgan Chase & Co. (NYSE:JPM),"Buck Wealth Strategies LLC trimmed its holdings in shares of JPMorgan Chase & Co. (NYSE:JPM) by 10.9% during the 3rd quarter, according to the company in its most recent 13F filing with the Securities and Exchange Commission (SEC). The institutional investor …",https://www.etfdailynews.com/2024/11/18/buck-wealth-strategies-llc-has-8-57-million-holdings-in-jpmorgan-chase-co-nysejpm/,2024-11-18T10:43:14Z,"Buck Wealth Strategies LLC trimmed its holdings in shares of JPMorgan Chase &amp; Co. (NYSE:JPM) by 10.9% during the 3rd quarter, according to the company in its most recent 13F filing with the Secur… [+6450 chars]"
ETF Daily News,MarketBeat News,Victory Capital Management Inc. Trims Stock Holdings in JPMorgan Chase & Co. (NYSE:JPM),"Victory Capital Management Inc. reduced its stake in JPMorgan Chase & Co. (NYSE:JPM – Free Report) by 3.6% during the 3rd quarter, according to the company in its most recent filing with the Securities and Exchange Commission. The firm owned 2,724,210 shares …",https://www.etfdailynews.com/2024/11/18/victory-capital-management-inc-trims-stock-holdings-in-jpmorgan-chase-co-nysejpm/,2024-11-18T09:09:31Z,"Victory Capital Management Inc. reduced its stake in JPMorgan Chase &amp; Co. (NYSE:JPM – Free Report) by 3.6% during the 3rd quarter, according to the company in its most recent filing with the Secu… [+6256 chars]"
ETF Daily News,MarketBeat News,Spinnaker Investment Group LLC Raises Position in JPMorgan Chase & Co. (NYSE:JPM),"Spinnaker Investment Group LLC lifted its position in JPMorgan Chase & Co. (NYSE:JPM) by 1.6% in the 3rd quarter, according to its most recent 13F filing with the Securities and Exchange Commission. The fund owned 4,897 shares of the financial services provid…",https://www.etfdailynews.com/2024/11/21/spinnaker-investment-group-llc-raises-position-in-jpmorgan-chase-co-nysejpm/,2024-11-21T08:58:53Z,"Spinnaker Investment Group LLC lifted its position in JPMorgan Chase &amp; Co. (NYSE:JPM) by 1.6% in the 3rd quarter, according to its most recent 13F filing with the Securities and Exchange Commissi… [+6240 chars]"
ETF Daily News,MarketBeat News,"Taylor Morrison Home Enters into Accelerated Share Repurchase Agreement with JPMorgan Chase Bank, National Association","On November 14, 2024, Taylor Morrison Home Corporation announced that it has entered into an accelerated share repurchase agreement (ASR Agreement) with JPMorgan Chase Bank, National Association. The agreement is part of the company’s previously disclosed $1 …",https://www.etfdailynews.com/2024/11/19/taylor-morrison-home-enters-into-accelerated-share-repurchase-agreement-with-jpmorgan-chase-bank-national-association/,2024-11-19T07:48:43Z,"On November 14, 2024, Taylor Morrison Home Corporation announced that it has entered into an accelerated share repurchase agreement (ASR Agreement) with JPMorgan Chase Bank, National Association. The… [+1808 chars]"
ETF Daily News,MarketBeat News,"Baker Hughes (NASDAQ:BKR) Stock Price Expected to Rise, Citigroup Analyst Says","Baker Hughes (NASDAQ:BKR – Free Report) had its price target lifted by Citigroup from $42.00 to $50.00 in a report issued on Thursday,Benzinga reports. They currently have a buy rating on the stock. BKR has been the topic of several other reports. JPMorgan Ch…",https://www.etfdailynews.com/2024/11/17/baker-hughes-nasdaqbkr-stock-price-expected-to-rise-citigroup-analyst-says/,2024-11-17T07:30:44Z,"Baker Hughes (NASDAQ:BKR – Free Report) had its price target lifted by Citigroup from $42.00 to $50.00 in a report issued on Thursday,Benzinga reports. They currently have a buy rating on the stock.
… [+5079 chars]"
ETF Daily News,MarketBeat News,Shore Capital Reaffirms Buy Rating for Experian (LON:EXPN),"Shore Capital reiterated their buy rating on shares of Experian (LON:EXPN – Free Report) in a research report released on Wednesday morning, MarketBeat Ratings reports. Separately, JPMorgan Chase & Co. restated an “overweight” rating on shares of Experian in …",https://www.etfdailynews.com/2024/11/17/shore-capital-reaffirms-buy-rating-for-experian-lonexpn/,2024-11-17T07:14:47Z,"Shore Capital reiterated their buy rating on shares of Experian (LON:EXPN – Free Report) in a research report released on Wednesday morning, MarketBeat Ratings reports.
Separately, JPMorgan Chase &a… [+2021 chars]"
ETF Daily News,MarketBeat News,Vertex Pharmaceuticals (NASDAQ:VRTX) Raised to “Strong-Buy” at Citigroup,"Citigroup upgraded shares of Vertex Pharmaceuticals (NASDAQ:VRTX – Free Report) to a strong-buy rating in a report published on Wednesday,Zacks.com reports. VRTX has been the topic of several other research reports. JPMorgan Chase & Co. dropped their price ob…",https://www.etfdailynews.com/2024/11/16/vertex-pharmaceuticals-nasdaqvrtx-raised-to-strong-buy-at-citigroup/,2024-11-16T06:30:44Z,"Citigroup upgraded shares of Vertex Pharmaceuticals (NASDAQ:VRTX – Free Report) to a strong-buy rating in a report published on Wednesday,Zacks.com reports.
VRTX has been the topic of several other … [+5363 chars]"
ETF Daily News,MarketBeat News,AtriCure (ATRC) – Research Analysts’ Recent Ratings Changes,Several analysts have recently updated their ratings and price targets for AtriCure (NASDAQ: ATRC): 10/30/2024 – AtriCure had its price target raised by analysts at JPMorgan Chase & Co. from $30.00 to $40.00. They now have an “overweight” rating on the stock.…,https://www.etfdailynews.com/2024/11/19/atricure-atrc-research-analysts-recent-ratings-changes/,2024-11-19T06:36:43Z,"Several analysts have recently updated their ratings and price targets for AtriCure (NASDAQ: ATRC):
<ul><li>10/30/2024 – AtriCure had its price target raised by analysts at JPMorgan Chase &amp; Co. … [+4245 chars]"
ETF Daily News,MarketBeat News,Walt Disney (NYSE:DIS) Price Target Raised to $110.00,"Walt Disney (NYSE:DIS – Free Report) had its price target boosted by Macquarie from $91.00 to $110.00 in a research note published on Friday,Benzinga reports. The firm currently has a neutral rating on the entertainment giant’s stock. A number of other equiti…",https://www.etfdailynews.com/2024/11/18/walt-disney-nysedis-price-target-raised-to-110-00/,2024-11-18T09:49:14Z,"Walt Disney (NYSE:DIS – Free Report) had its price target boosted by Macquarie from $91.00 to $110.00 in a research note published on Friday,Benzinga reports. The firm currently has a neutral rating … [+4243 chars]"
ETF Daily News,MarketBeat News,Starwood Property Trust (NYSE:STWD) Price Target Raised to $20.00,"Starwood Property Trust (NYSE:STWD – Free Report) had its target price raised by UBS Group from $19.50 to $20.00 in a report released on Friday,Benzinga reports. They currently have a neutral rating on the real estate investment trust’s stock. Other equities …",https://www.etfdailynews.com/2024/11/18/starwood-property-trust-nysestwd-price-target-raised-to-20-00/,2024-11-18T09:13:13Z,"Starwood Property Trust (NYSE:STWD – Free Report) had its target price raised by UBS Group from $19.50 to $20.00 in a report released on Friday,Benzinga reports. They currently have a neutral rating … [+5122 chars]"
ETF Daily News,MarketBeat News,Linde’s (LIN) Hold Rating Reaffirmed at Erste Group Bank,"Linde (NASDAQ:LIN – Get Free Report)‘s stock had its “hold” rating reissued by Erste Group Bank in a research report issued on Tuesday,Benzinga reports. Several other research firms have also recently weighed in on LIN. JPMorgan Chase & Co. upped their target…",https://www.etfdailynews.com/2024/11/21/lindes-lin-hold-rating-reaffirmed-at-erste-group-bank/,2024-11-21T13:44:43Z,"Linde (NASDAQ:LIN – Get Free Report)‘s stock had its “hold” rating reissued by Erste Group Bank in a research report issued on Tuesday,Benzinga reports.
Several other research firms have also recent… [+4196 chars]"
Bangkok Post,Bloomberg,Bitcoin rebounds from largest retreat since US election,<p>Bitcoin recovered from its biggest two-day retreat since the US election in choppy trading that reflects shifting assessments of the impact of President-elect Donald Trump&rsquo;s policy agenda.</p>,https://www.bangkokpost.com/business/investment/2904233/bitcoin-rebounds-from-largest-retreat-since-us-election,2024-11-18T09:49:00Z,"Bitcoin recovered from its biggest two-day retreat since the US election in choppy trading that reflects shifting assessments of the impact of President-elect Donald Trump’s policy agenda.
The digit… [+2295 chars]"
ETF Daily News,MarketBeat News,StockNews.com Begins Coverage on Marathon Oil (NYSE:MRO),StockNews.com began coverage on shares of Marathon Oil (NYSE:MRO – Free Report) in a research report report published on Friday. The firm issued a buy rating on the oil and gas producer’s stock. Several other research analysts also recently issued reports on …,https://www.etfdailynews.com/2024/11/19/stocknews-com-begins-coverage-on-marathon-oil-nysemro-2/,2024-11-19T07:26:48Z,"StockNews.com began coverage on shares of Marathon Oil (NYSE:MRO – Free Report) in a research report report published on Friday. The firm issued a buy rating on the oil and gas producer’s stock.
Sev… [+5639 chars]"
